736590,157996467,76561198384099629,0,11,35,0,35,1707567902,"The game looks good, and I want to like it, but my inability to step over or even jump over a 2 foot pile of rocks is game breaking. do better",1707570114,1707570114,False,1,0,0.46875,0,True,False,True
736590,156645863,76561199053068299,0,12,340,1,284,1707838020,"fun free game
",1706034204,1706034204,True,0,0,0,0,True,False,True
736590,155565467,76561198123298907,125,8,8,0,8,1704732261,"I like how the progress is going, keep up the good work!

I'll be waiting on that hill with an MG42. 👮🏻",1704732651,1704732651,True,1,0,0.515086174011230469,0,True,False,True
736590,153335132,76561199079869194,0,2,938,0,912,1702248470,ZZZZZZZZZZZZZZZZZZZ,1702248424,1702248424,False,1,0,0.423330187797546387,0,True,False,True
736590,149163268,76561199148420326,8,8,667,0,310,1703752053,"i like it baisically updated arma 3 without vehivules
",1698622421,1698622421,True,1,0,0.515086174011230469,0,True,False,True
736590,145421358,76561198005510590,0,5,4301,0,3701,1703783272,it mid,1693539277,1693539277,True,0,0,0,0,True,False,True
736590,140690348,76561198798178438,0,10,451,0,337,1689714103,"The racism in this game from players is the worst thing i have ever experienced in my life, voice chat needs an option to be turned off, i dont want to hear racist and anti semantic rallys at the start of every game , get a handle on it now, this game is live and people are streaming it.",1687719179,1687719179,False,4,8,0.43793410062789917,0,True,False,True
736590,134011390,76561199189068693,22,3,578,18,17,1708826700,ok,1677891820,1677891820,True,0,1,0.495495498180389404,0,True,False,True
736590,132984172,76561198859959501,0,15,47,0,25,1679833202,"Supporting a indie mil sim delvelopment company was pleasing. Comms needs a patch, would suggest development teams listening to modders and mil sim veterans such as karmacut and operator drewski. Looking forward to this game. And its free, just like how Americas Army 2 was given out free.",1676572713,1676572713,True,3,0,0.5579567551612854,0,True,False,True
